clip_id,expected_label,source_url,source_site,creator,license,license_url,attribution,downloaded_at,split,duration_s,notes
fire_nfpa,fire_alarm,https://commons.wikimedia.org/wiki/File%3ANFPA_Fire_Alarm.ogg,Wikimedia Commons,Awesome Aasim,Public domain,,File:NFPA Fire Alarm.ogg by Awesome Aasim (Public domain),2026-10-03,demo,5.000,Public source/preview converted to mono 16 kHz PCM WAV; peak normalized; maximum 5 seconds.
fire_smoke_alarm,fire_alarm,https://commons.wikimedia.org/wiki/File%3ASmoke_alarm.ogg,Wikimedia Commons,cori,Public domain,,File:Smoke alarm.ogg by cori (Public domain),2026-10-03,demo,5.000,Public source/preview converted to mono 16 kHz PCM WAV; peak normalized; maximum 5 seconds.
siren_whelen,emergency_siren,https://commons.wikimedia.org/wiki/File%3AWhelen.ogg,Wikimedia Commons,Heggyhomolit,CC0,http://creativecommons.org/publicdomain/zero/1.0/deed.en,File:Whelen.ogg by Heggyhomolit (CC0),2026-10-03,demo,5.000,Public source/preview converted to mono 16 kHz PCM WAV; peak normalized; maximum 5 seconds.
siren_police_us,emergency_siren,https://commons.wikimedia.org/wiki/File%3AAmerican_police_siren_i.ogg,Wikimedia Commons,lezer,Public domain,,File:American police siren i.ogg by lezer (Public domain),2026-10-03,demo,5.000,Public source/preview converted to mono 16 kHz PCM WAV; peak normalized; maximum 5 seconds.
horn_car_cc0,car_horn,https://commons.wikimedia.org/wiki/File%3ACar_Horn.wav,Wikimedia Commons,15HPanska_Ruttner_Jan,CC0,http://creativecommons.org/publicdomain/zero/1.0/deed.en,File:Car Horn.wav by 15HPanska_Ruttner_Jan (CC0),2026-10-03,demo,3.514,Public source/preview converted to mono 16 kHz PCM WAV; peak normalized; maximum 5 seconds.
horn_postauto,car_horn,https://commons.wikimedia.org/wiki/File%3APostauto_%28CH%29_Dreiklanghorn.ogg,Wikimedia Commons,User:Mateus2019,CC BY 2.0 de,https://creativecommons.org/licenses/by/2.0/de/deed.en,File:Postauto (CH) Dreiklanghorn.ogg by User:Mateus2019 (CC BY 2.0 de),2026-10-03,demo,5.000,Public source/preview converted to mono 16 kHz PCM WAV; peak normalized; maximum 5 seconds.
baby_newborn,baby_crying,https://commons.wikimedia.org/wiki/File%3ACrying_newborn_baby.ogg,Wikimedia Commons,the_yura,CC0,http://creativecommons.org/publicdomain/zero/1.0/deed.en,File:Crying newborn baby.ogg by the_yura (CC0),2026-10-03,demo,5.000,Public source/preview converted to mono 16 kHz PCM WAV; peak normalized; maximum 5 seconds.
baby_disappointed,baby_crying,https://commons.wikimedia.org/wiki/File%3ABabys_disappointed_crying.oga,Wikimedia Commons,natalie,Public domain,,File:Babys disappointed crying.oga by natalie (Public domain),2026-10-03,demo,5.000,Public source/preview converted to mono 16 kHz PCM WAV; peak normalized; maximum 5 seconds.
doorbell_classic,doorbell,https://freesound.org/people/nozefian/sounds/397919/,Freesound public preview,nozefian,CC0 1.0,https://creativecommons.org/publicdomain/zero/1.0/,Door Bell by nozefian (CC0 1.0),2026-10-03,demo,2.825,Public source/preview converted to mono 16 kHz PCM WAV; peak normalized; maximum 5 seconds.
doorbell_electronic,doorbell,https://freesound.org/people/NachtmahrTV/sounds/571674/,Freesound public preview,NachtmahrTV,CC0 1.0,https://creativecommons.org/publicdomain/zero/1.0/,Door Bell by NachtmahrTV (CC0 1.0),2026-10-03,demo,4.204,Public source/preview converted to mono 16 kHz PCM WAV; peak normalized; maximum 5 seconds.
doorbell_simple,doorbell,https://freesound.org/people/oganesson/sounds/555016/,Freesound public preview,oganesson,CC0 1.0,https://creativecommons.org/publicdomain/zero/1.0/,Doorbell by oganesson (CC0 1.0),2026-10-03,demo,1.997,Public source/preview converted to mono 16 kHz PCM WAV; peak normalized; maximum 5 seconds.
doorbell_rings,doorbell,https://freesound.org/people/LanDub/sounds/182879/,Freesound public preview,LanDub,CC0 1.0,https://creativecommons.org/publicdomain/zero/1.0/,Door Bell Rings by LanDub (CC0 1.0),2026-10-03,demo,4.272,Public source/preview converted to mono 16 kHz PCM WAV; peak normalized; maximum 5 seconds.
knock_wood,knocking,https://freesound.org/people/Fabrizio84/sounds/458007/,Freesound public preview,Fabrizio84,CC0 1.0,https://creativecommons.org/publicdomain/zero/1.0/,Knocking on Door by Fabrizio84 (CC0 1.0),2026-10-03,demo,5.000,Public source/preview converted to mono 16 kHz PCM WAV; peak normalized; maximum 5 seconds.
knock_knocker,knocking,https://freesound.org/people/cloe.king/sounds/452793/,Freesound public preview,cloe.king,CC0 1.0,https://creativecommons.org/publicdomain/zero/1.0/,Knocking on door.wav by cloe.king (CC0 1.0),2026-10-03,demo,2.188,Public source/preview converted to mono 16 kHz PCM WAV; peak normalized; maximum 5 seconds.
negative_baby_laugh,none,https://freesound.org/people/iccleste/sounds/260774/,Freesound public preview,iccleste,CC0 1.0,https://creativecommons.org/publicdomain/zero/1.0/,Baby laughs.wav by iccleste (CC0 1.0),2026-10-03,demo,5.000,Public source/preview converted to mono 16 kHz PCM WAV; peak normalized; maximum 5 seconds.
negative_baby_rattle,none,https://freesound.org/people/AGFX/sounds/42939/,Freesound public preview,AGFX,CC0 1.0,https://creativecommons.org/publicdomain/zero/1.0/,Rattle Toy infant stuffet animal_2.L.wav by AGFX (CC0 1.0),2026-10-03,demo,2.099,Public source/preview converted to mono 16 kHz PCM WAV; peak normalized; maximum 5 seconds.
negative_kitchen,none,https://freesound.org/people/heysticks/sounds/203533/,Freesound public preview,heysticks,CC0 1.0,https://creativecommons.org/publicdomain/zero/1.0/,Kitchen Ambience by heysticks (CC0 1.0),2026-10-03,demo,5.000,Public source/preview converted to mono 16 kHz PCM WAV; peak normalized; maximum 5 seconds.
negative_morse,none,https://freesound.org/people/SkibkaMusic/sounds/478969/,Freesound public preview,SkibkaMusic,CC0 1.0,https://creativecommons.org/publicdomain/zero/1.0/,Morse_Code_SS_HQ.wav by SkibkaMusic (CC0 1.0),2026-10-03,demo,5.000,Public source/preview converted to mono 16 kHz PCM WAV; peak normalized; maximum 5 seconds.
mixed_doorbell_baby,doorbell|baby_crying,https://freesound.org/people/LanDub/sounds/182879/ | https://commons.wikimedia.org/wiki/File%3ABabys_disappointed_crying.oga,HearAround derived demo mix,LanDub + natalie,CC0 1.0 + Public domain,https://creativecommons.org/publicdomain/zero/1.0/ | ,Mixed from: Door Bell Rings by LanDub (CC0 1.0) | File:Babys disappointed crying.oga by natalie (Public domain),2026-10-03,demo_mixed,5.000,"Derived mix; gains=[0.9, 0.35]; mono 16 kHz PCM WAV."
mixed_fire_knock,fire_alarm|knocking,https://commons.wikimedia.org/wiki/File%3ASmoke_alarm.ogg | https://freesound.org/people/Fabrizio84/sounds/458007/,HearAround derived demo mix,cori + Fabrizio84,Public domain + CC0 1.0, | https://creativecommons.org/publicdomain/zero/1.0/,Mixed from: File:Smoke alarm.ogg by cori (Public domain) | Knocking on Door by Fabrizio84 (CC0 1.0),2026-10-03,demo_mixed,5.000,"Derived mix; gains=[0.8, 0.5]; mono 16 kHz PCM WAV."
